employee_id,first_name,last_name,company,email,title,shirt_size,password
391,Zacharia,Rontree,Skippad,zrontree@skippad.com,Senior Sales Associate,S,etAoTqZ3Zgu
202,Melvyn,Dunn,Geba,mdunn@geba.com,Accountant I,M,fnMJn3oDR
867,Imelda,Lehenmann,Trupe,ilehenmann@trupe.com,Professor,2XL,1FEQsuNc
681,Mannie,Duffie,Dynazzy,mduffie@dynazzy.com,Account Executive,XL,q9eY46O6A3o
948,Kessiah,Toping,Photofeed,ktoping@photofeed.com,Community Outreach Specialist,XS,lp88iiDjRJ
283,Chris,Craufurd,Demimbu,ccraufurd@demimbu.com,VP Quality Control,XL,Kc2cMK7ER
853,Alonzo,Bottini,Blogpad,abottini@blogpad.com,Developer III,XS,TTQw1gWd4mAD
648,Trumaine,Housecraft,Twitterwire,thousecraft@twitterwire.com,Financial Analyst,M,Zs3UJA2
858,Corrianne,Poutress,Twimm,cpoutress@twimm.com,Accounting Assistant II,3XL,uEJXMyxcrTu0
292,Dimitri,Davio,Youfeed,ddavio@youfeed.com,Senior Financial Analyst,S,lCDivD
313,Cassi,Gobbett,Tagtune,cgobbett@tagtune.com,Analyst Programmer,L,HKjniaNtGlN
776,Temp,Stiegers,Latz,tstiegers@latz.com,Dental Hygienist,S,QzQ8Tu1MS6
709,Helsa,Huddles,Yata,hhuddles@yata.com,Nurse Practicioner,L,NEIt8VWCU
460,Martyn,Thing,Zava,mthing@zava.com,General Manager,2XL,BK32FK
904,Julieta,Palser,JumpXS,jpalser@jumpxs.com,Information Systems Manager,XS,8j9p7t9
713,Ottilie,Trendle,Rhynoodle,otrendle@rhynoodle.com,Compensation Analyst,XL,X6B9dPXd
122,Cordell,Champkins,Edgetag,cchampkins@edgetag.com,Assistant Media Planner,2XL,bFjr5fFP
132,Wren,Lamps,Realcube,wlamps@realcube.com,Project Manager,XS,TVMZjVJUVRtC
517,Shelden,Errichi,JumpXS,serrichi@jumpxs.com,Teacher,XL,nUe2Ia
175,Terrie,Lumsdall,Feedspan,tlumsdall@feedspan.com,Nurse,3XL,6aybTRINsb
875,Mehetabel,Smithies,Jatri,msmithies@jatri.com,Biostatistician II,3XL,tuh0hNH
912,Dita,Cowpe,Trilith,dcowpe@trilith.com,Nurse Practicioner,XS,RpkGktBo6Fxa
462,Tabbie,Riddler,Photobean,triddler@photobean.com,Associate Professor,3XL,BWOo3812mWk
374,Linnet,Itzkov,Ailane,litzkov@ailane.com,Dental Hygienist,M,mNgzxSSEV8
876,Jacobo,Ambroise,Trudoo,jambroise@trudoo.com,Chemical Engineer,2XL,senrKNRv1e2
750,Yoshi,Corton,Shuffledrive,ycorton@shuffledrive.com,Structural Analysis Engineer,M,8lsJ0srOmOup
124,Hurley,Cordrey,Oyoba,hcordrey@oyoba.com,Marketing Assistant,L,znXr9beSnJp
468,Martelle,Culbard,Quatz,mculbard@quatz.com,Graphic Designer,L,D77A6I2HW
130,Bernardo,Riggey,Edgeify,briggey@edgeify.com,General Manager,S,wWrQexSdcyvh
294,Rebekkah,Craske,Yabox,rcraske@yabox.com,Statistician I,S,KPJjC3wSoin
739,Devlin,Caswall,Eabox,dcaswall@eabox.com,Safety Technician IV,S,rmwjTjcR
790,Lemmie,Ivashintsov,Wikibox,livashintsov@wikibox.com,Physical Therapy Assistant,XL,4as0ld
506,Nicolina,Landell,Feedspan,nlandell@feedspan.com,Financial Advisor,XS,YnniIb3hBv
181,Basilio,Keppe,Tagpad,bkeppe@tagpad.com,Software Consultant,S,X08oKUa8fbm
131,Kristyn,Clemitt,Feedbug,kclemitt@feedbug.com,Administrative Assistant I,L,UWotPm
847,Ursa,Cantos,Camimbo,ucantos@camimbo.com,Structural Engineer,XL,PFTcnsZnNOKh
793,Peder,Bulluck,Skipstorm,pbulluck@skipstorm.com,Physical Therapy Assistant,3XL,2I5OL80y9Szk
442,Pollyanna,Boshers,Topicblab,pboshers@topicblab.com,Computer Systems Analyst III,XL,NTkteWspCh
382,Tommie,Gallyhaock,Photolist,tgallyhaock@photolist.com,VP Sales,S,6Ivrx5
528,Larissa,Rothman,Bluezoom,lrothman@bluezoom.com,Account Coordinator,L,Jsxe1U9jUA7
232,Chloette,Kenworthy,Zoozzy,ckenworthy@zoozzy.com,Administrative Assistant I,XS,HElNis
367,Stacey,Cuer,Demivee,scuer@demivee.com,Account Coordinator,M,XFObtHMddr
949,Aggie,Dumphy,Browsebug,adumphy@browsebug.com,Senior Quality Engineer,S,oUMSOe3X
106,Stormie,Lethbury,Centizu,slethbury@centizu.com,Account Representative I,3XL,jnoTh4WR0v
229,Sandie,Brayford,Kwideo,sbrayford@kwideo.com,VP Sales,XL,893iX82jE
538,Lennie,Farans,Blogtag,lfarans@blogtag.com,Accountant II,S,GSLePUYS
470,Alwin,Thandi,Photobean,athandi@photobean.com,Recruiting Manager,XL,nb5IocT3L
187,Perl,Terrington,Aimbu,pterrington@aimbu.com,Software Test Engineer IV,M,LeoxVom
707,Carolina,McIleen,Demivee,cmcileen@demivee.com,Community Outreach Specialist,XS,dLyNhKES
422,Judas,Pury,Thoughtstorm,jpury@thoughtstorm.com,Staff Accountant I,2XL,rhjVC81M
252,Nessa,Lanney,Leexo,nlanney@leexo.com,Programmer III,XL,YnhcNULF2IX
604,Daloris,Dorgan,Dabjam,ddorgan@dabjam.com,Automation Specialist III,S,VOKqRtaF1X
741,Benedetta,Stiffell,Devify,bstiffell@devify.com,Senior Quality Engineer,3XL,U9i8f8
532,Pansy,Duerdin,Dabjam,pduerdin@dabjam.com,Financial Analyst,3XL,iDk6ZLMrAo
660,Loy,Wharton,Demimbu,lwharton@demimbu.com,Senior Editor,2XL,auIiO2hHq
322,Craggy,Everwin,Browseblab,ceverwin@browseblab.com,Human Resources Manager,XL,rtPx63cSmj
871,Rafaela,Eliasson,Tagpad,reliasson@tagpad.com,Cost Accountant,2XL,0W1lldLOlP9f
124,Emily,Graser,Vipe,egraser@vipe.com,Computer Systems Analyst III,3XL,taqfZYYVX
147,Clevey,Gath,Eamia,cgath@eamia.com,Recruiting Manager,XS,c0yNejMtCDoD
861,Millicent,Johantges,Skivee,mjohantges@skivee.com,Human Resources Assistant I,XS,eiuNff1v
594,Gal,Garvan,Jamia,ggarvan@jamia.com,VP Quality Control,S,wTYs2odi
105,Easter,Bemand,Katz,ebemand@katz.com,Staff Scientist,M,Cm57BqECU
144,Idette,Clementet,Blogtag,iclementet@blogtag.com,Community Outreach Specialist,XL,Cy2phukdIu
866,Franchot,Genders,Jatri,fgenders@jatri.com,Analyst Programmer,L,amddr3S4ZH
739,Sauveur,Aronin,Zoomlounge,saronin@zoomlounge.com,Paralegal,L,nm3SRRhpgS
822,Laverne,Wallworke,Aivee,lwallworke@aivee.com,Chemical Engineer,2XL,a6WMqqNG
365,Charline,Mohun,Gabspot,cmohun@gabspot.com,Structural Analysis Engineer,XL,2IvHWu75p
161,Rebbecca,Ludvigsen,Jabberbean,rludvigsen@jabberbean.com,Project Manager,2XL,OuCKpbKxf
646,Korie,DelaField,Realcube,kdelafield@realcube.com,Operator,3XL,sg0ZBLda4CS
787,Sunny,Cornwall,Browsezoom,scornwall@browsezoom.com,Director of Sales,2XL,y9Jaa5GP
464,Benedicta,Kick,Avaveo,bkick@avaveo.com,Database Administrator I,M,KTPJ06FZov
184,Vladimir,Hurlestone,Topicblab,vhurlestone@topicblab.com,Community Outreach Specialist,XS,5Y23ysfrlAbY
413,Leia,Phlipon,Thoughtbeat,lphlipon@thoughtbeat.com,Human Resources Manager,L,hO6tMUXj58
715,Gwen,Boggers,Ailane,gboggers@ailane.com,Information Systems Manager,3XL,MpFdiZDWjF
862,Nelle,Saltmarshe,Wikivu,nsaltmarshe@wikivu.com,Human Resources Manager,S,O1fzk5l07DV
567,Pietra,Minchin,Blognation,pminchin@blognation.com,Occupational Therapist,S,CUMPUy3Ruy
823,Derron,Sall,Zazio,dsall@zazio.com,Recruiter,2XL,ISs5p7v3eu
553,Terri-jo,Hallows,Cogibox,thallows@cogibox.com,VP Sales,L,vQlMeyo6wRrC
511,Jaime,Giacubbo,Fiveclub,jgiacubbo@fiveclub.com,Senior Financial Analyst,XS,a8LgZbt
366,Jeramey,Van den Bosch,Meevee,jvan den bosch@meevee.com,Assistant Manager,3XL,Vs2f84x8e
663,Jinny,Widdowson,Zoovu,jwiddowson@zoovu.com,Marketing Assistant,3XL,O6pOqDtRXKU
520,Seward,Mac Giany,Ntags,smac giany@ntags.com,Budget/Accounting Analyst I,XL,oxLH0W
845,Lindon,Conaboy,Linkbridge,lconaboy@linkbridge.com,Cost Accountant,S,wYGH45
400,Annmarie,Bakes,Cogidoo,abakes@cogidoo.com,Chemical Engineer,M,pMz3rQe
699,Anastassia,Pervew,Yodo,apervew@yodo.com,Human Resources Assistant I,2XL,32ldPcodKCy
523,Robbie,Lusgdin,Podcat,rlusgdin@podcat.com,Community Outreach Specialist,2XL,DVEXM9JuJ
188,Miriam,Trebilcock,Trilith,mtrebilcock@trilith.com,Mechanical Systems Engineer,3XL,tgFV3Pi0
715,Maryanna,Echalie,Pixoboo,mechalie@pixoboo.com,Senior Cost Accountant,L,90MW3Yv
292,Kacey,Fison,Voonte,kfison@voonte.com,Editor,XL,g2azBv8d7CK
816,Sherri,Scorah,Dabfeed,sscorah@dabfeed.com,Accountant III,M,yhOMNW0GKzK
614,Cherilyn,Brocking,Katz,cbrocking@katz.com,Senior Sales Associate,3XL,pqegNHU
208,Elliott,Trahearn,Wikibox,etrahearn@wikibox.com,Editor,XL,f7QnmyfyCHSI
610,Ahmad,Salliss,Skibox,asalliss@skibox.com,Health Coach III,2XL,tpAPgMWyZL
634,Lombard,Jencken,Skippad,ljencken@skippad.com,Quality Engineer,3XL,lKUsKLkLy8
647,Kellyann,Doohey,Roombo,kdoohey@roombo.com,Financial Analyst,M,Nm77Paa3w
319,Hanna,Slym,Vinte,hslym@vinte.com,General Manager,S,OF0WxFUymnhK
303,Olvan,Etienne,Devify,oetienne@devify.com,Research Nurse,XS,NlqS4M1r
945,Danna,Karpol,Oyonder,dkarpol@oyonder.com,Civil Engineer,XL,EpIP47mFg
594,Fredric,Errigo,Jetwire,ferrigo@jetwire.com,Media Manager IV,S,tnxkIwdcV
118,Rodge,Manford,Zoovu,rmanford@zoovu.com,Senior Sales Associate,XL,b2uMvJG
505,Lynne,Falcus,Lajo,lfalcus@lajo.com,Staff Scientist,2XL,6pxNw26sA8nM
590,Kizzee,Caw,Quimba,kcaw@quimba.com,Electrical Engineer,3XL,vS1ieynaQ
995,Charil,Cholonin,Topicware,ccholonin@topicware.com,Nuclear Power Engineer,XS,LFPS918
403,Rebecka,Zucker,Devpulse,rzucker@devpulse.com,Data Coordiator,3XL,dHkDjAi
446,William,Ethelston,Rhycero,wethelston@rhycero.com,Cost Accountant,XL,Hb9ryeBRc
785,Ardella,Huitt,Camimbo,ahuitt@camimbo.com,Payment Adjustment Coordinator,2XL,yTlHvhls
284,Idell,Giaomozzo,Dabtype,igiaomozzo@dabtype.com,Developer II,L,TLlMx6qRz
831,Pepita,Jouhning,Kimia,pjouhning@kimia.com,Environmental Tech,XS,HgaP8FYdqR
997,Jeddy,Shapera,Fatz,jshapera@fatz.com,Administrative Assistant III,XL,EnuC3ux
941,Herta,Blakeborough,Riffwire,hblakeborough@riffwire.com,Programmer Analyst IV,XL,J265UOT6wcJ9
327,Tatiana,Tester,Gigashots,ttester@gigashots.com,Research Assistant II,2XL,TeL77CF
854,Pauletta,Jardin,Browsetype,pjardin@browsetype.com,Assistant Manager,L,h7MI6QdkB
174,Cy,Rake,Avamba,crake@avamba.com,VP Marketing,XL,TlGePi
777,Brande,Pitceathly,Gabspot,bpitceathly@gabspot.com,Staff Accountant I,3XL,ugCYlChKW
525,Sanders,Mugg,Flipstorm,smugg@flipstorm.com,Environmental Specialist,2XL,k8MdfFEI3P5j
304,Levin,Cansdale,Youopia,lcansdale@youopia.com,Information Systems Manager,3XL,El76EE1E0b
260,Artemas,Scrigmour,Shufflebeat,ascrigmour@shufflebeat.com,Chemical Engineer,M,w77iqo
720,Nathalia,Wale,Divanoodle,nwale@divanoodle.com,General Manager,3XL,qPqzfD
748,Arlen,Bowle,Babbleset,abowle@babbleset.com,Web Designer III,M,nBfnuVuNqW
753,Godfrey,Attoe,Rhynyx,gattoe@rhynyx.com,Operator,M,5YU4geKf5Tna
324,Peyter,Fawthrop,Aibox,pfawthrop@aibox.com,Account Coordinator,XS,CTzj4BLUk
136,Emmott,Szymczyk,Skyba,eszymczyk@skyba.com,Help Desk Operator,S,b0IACOc
224,Allin,Witterick,Feedspan,awitterick@feedspan.com,Professor,S,GhM7xIBg2e36
422,Lari,Gowanson,Quimm,lgowanson@quimm.com,Assistant Professor,M,ZhN5UHe
948,Kayle,D'orsay,Yotz,kd'orsay@yotz.com,Community Outreach Specialist,XS,ec9piVg5KEX
535,Ody,Hounsome,Jaxspan,ohounsome@jaxspan.com,Software Consultant,M,ra7wTnOttbWy
924,Bunny,Piggen,Dynabox,bpiggen@dynabox.com,Programmer II,S,ohz7gGa5gnHV
468,Georgeta,Bossel,Tagtune,gbossel@tagtune.com,Financial Advisor,S,oQSXDHmM
797,Pail,Scheu,Reallinks,pscheu@reallinks.com,Human Resources Manager,S,WFDJImX
756,Philippe,Ellgood,Twimm,pellgood@twimm.com,Registered Nurse,L,XuIarzTHG
970,Phillipe,Balcock,Camimbo,pbalcock@camimbo.com,Professor,2XL,HXO0B8NyB1
614,Alon,Darling,Pixope,adarling@pixope.com,Web Developer II,2XL,mKSRmXYr
417,Midge,Boys,Meezzy,mboys@meezzy.com,Financial Advisor,2XL,pyylp0
430,Luke,Dreher,Babblestorm,ldreher@babblestorm.com,Help Desk Operator,S,Q7ltKpg0yNq
525,Odessa,Proudley,Blognation,oproudley@blognation.com,Nuclear Power Engineer,M,Fzj1ASKkq82
509,Court,Kelberer,Gabvine,ckelberer@gabvine.com,Media Manager I,XL,IBMGr1
450,Meier,Gouldbourn,Wordpedia,mgouldbourn@wordpedia.com,Research Nurse,2XL,1Zj730I
513,Olympe,Flaherty,Thoughtbridge,oflaherty@thoughtbridge.com,Junior Executive,L,0iOBplnz3
687,Claudelle,Kettlesting,Edgetag,ckettlesting@edgetag.com,Graphic Designer,3XL,oHI4rQPY
641,Germana,Grishukhin,Trudoo,ggrishukhin@trudoo.com,Compensation Analyst,S,tGKBJmzhAc
384,Abbye,Fever,Yodoo,afever@yodoo.com,GIS Technical Architect,XL,iI26PcA3d
559,Marketa,Feedome,Flipstorm,mfeedome@flipstorm.com,Analyst Programmer,M,Y7LsMdiC
262,Gawen,Chalfain,Thoughtstorm,gchalfain@thoughtstorm.com,Director of Sales,XS,ZA8lz4d
751,Benoite,Gencke,Layo,bgencke@layo.com,GIS Technical Architect,3XL,ZliuivUXd
205,Sanson,Woller,Eidel,swoller@eidel.com,Sales Representative,3XL,YuVFO8fdl4v
143,Neile,O'Neary,Buzzdog,no'neary@buzzdog.com,Physical Therapy Assistant,2XL,ujTNIh
878,Jori,Hitzke,Feedbug,jhitzke@feedbug.com,Payment Adjustment Coordinator,M,RgbH1LS
762,Joleen,Ness,Dablist,jness@dablist.com,VP Product Management,XL,NzyIwBWF2b
750,Ossie,Prover,Jazzy,oprover@jazzy.com,Pharmacist,M,uoa3tOB4cV
832,Sarette,Garrity,Shufflester,sgarrity@shufflester.com,Senior Cost Accountant,2XL,RjV10K
293,Marina,Monget,Skyble,mmonget@skyble.com,Occupational Therapist,L,QYvlzjlk1
258,Inger,Marris,Jaxbean,imarris@jaxbean.com,Senior Financial Analyst,3XL,ptFXnlY
177,Claudianus,Willsmore,Voomm,cwillsmore@voomm.com,Computer Systems Analyst IV,L,Bn5rPlh
865,Meir,Semorad,Jetpulse,msemorad@jetpulse.com,Community Outreach Specialist,S,b8SSyW
776,Melosa,Nutty,Twimbo,mnutty@twimbo.com,Biostatistician II,XS,Bha8zkEJ
917,Mordecai,Aubury,Oyonder,maubury@oyonder.com,Occupational Therapist,XS,U5GLPb
187,Humphrey,Secrett,Jaloo,hsecrett@jaloo.com,Health Coach IV,XL,oa6l2IY
167,Sarina,Tregonna,Trilith,stregonna@trilith.com,Geological Engineer,XL,Kl2eGf
154,Clio,Minigo,Edgeify,cminigo@edgeify.com,Chemical Engineer,XL,CKGeqMFssm9
321,Belicia,Vondrys,Voolia,bvondrys@voolia.com,Geologist I,S,QPUxdgxFKoy0
858,Kayle,Mc Gorley,Skyvu,kmc gorley@skyvu.com,Civil Engineer,M,0e5wMPxLt
634,Maura,Reedman,Rhyloo,mreedman@rhyloo.com,Safety Technician II,M,rbuAdgwC9b
603,Raffarty,Bransby,Katz,rbransby@katz.com,Web Developer IV,S,sc5gvul
644,Dore,de Voiels,Blogtag,dde voiels@blogtag.com,Budget/Accounting Analyst III,3XL,qWzKqODpP4
869,Novelia,Casine,Riffpedia,ncasine@riffpedia.com,Developer III,XL,pa7x9wT
411,Aaron,Veregan,Feedfish,averegan@feedfish.com,Nurse,XL,B6LLHOi
916,Riane,Cosins,Meedoo,rcosins@meedoo.com,Sales Associate,2XL,npXM2Ll7
814,Meredith,Pinnion,Photobug,mpinnion@photobug.com,Nurse,M,awf6dCM
216,Broddy,Bigg,Fanoodle,bbigg@fanoodle.com,Speech Pathologist,M,bQs6BnSXyxQ
922,Brandice,MacGettigen,Latz,bmacgettigen@latz.com,VP Sales,XS,kYBRpd
283,Aryn,Geely,Skippad,ageely@skippad.com,Database Administrator III,L,2hgVv08p
148,Bunnie,Ledgeway,Jamia,bledgeway@jamia.com,Accountant I,M,rCyEuikqEw
126,Sheffield,Leggan,Plambee,sleggan@plambee.com,Senior Developer,M,f6o2wQNhke
708,Vivi,Lampet,Twiyo,vlampet@twiyo.com,Administrative Assistant IV,L,o0D97cK
910,Kylynn,Rash,Jabberstorm,krash@jabberstorm.com,Mechanical Systems Engineer,S,rCmBqOe2OMh
422,Saloma,Suddaby,Aibox,ssuddaby@aibox.com,Developer I,S,zhHCwu8V2
487,Rochella,Lightewood,Jatri,rlightewood@jatri.com,Programmer IV,3XL,RQTdfqc
856,Verene,Paulazzi,Oyoyo,vpaulazzi@oyoyo.com,Human Resources Assistant IV,XS,4aIGb5
554,Carleton,Ayars,Photofeed,cayars@photofeed.com,Project Manager,L,ZsfEyLkW
341,Mufinella,Prentice,Centizu,mprentice@centizu.com,Programmer I,XS,OKH83Hkzp1
307,Sybilla,Yule,Fanoodle,syule@fanoodle.com,Automation Specialist III,L,WGsegqt0m
684,Edgar,Laffoley-Lane,Riffpath,elaffoley-lane@riffpath.com,Programmer Analyst IV,S,MtIBZK2mp
991,Johnna,Lawdham,Photobug,jlawdham@photobug.com,Chemical Engineer,2XL,mtvNW2sEd
129,Shaun,Stoakes,Fivechat,sstoakes@fivechat.com,Librarian,XL,sYCvpx3CHPQ
753,Theodoric,Dakhov,Photojam,tdakhov@photojam.com,Design Engineer,2XL,vQMz5G3y2l
988,Querida,Dench,Yata,qdench@yata.com,Programmer I,XS,mGbDvZxH
708,Mohammed,Micallef,Twitterbeat,mmicallef@twitterbeat.com,Analog Circuit Design manager,XL,syld9w5D
940,Allina,Nuss,Oyondu,anuss@oyondu.com,Legal Assistant,XL,ZGDcnYkQqgV
862,Luz,Freiburger,Muxo,lfreiburger@muxo.com,Marketing Manager,S,ltrWc8
236,Meagan,Miklem,Riffpath,mmiklem@riffpath.com,Research Assistant IV,XS,ee0QFZ
279,Hedvig,Ducroe,Thoughtsphere,hducroe@thoughtsphere.com,Actuary,S,abYy4GXYq
221,Lana,Hellis,Twitternation,lhellis@twitternation.com,Structural Engineer,S,8FWl4V
259,Shandeigh,Aggott,Kwinu,saggott@kwinu.com,Desktop Support Technician,S,6ZAWEzW
560,Nathanil,Pooley,Rhybox,npooley@rhybox.com,Accountant IV,XL,x7ybqvPBDsg
844,Pattie,Henkmann,Quinu,phenkmann@quinu.com,Research Nurse,3XL,rZgzULBf
526,Bettye,Filewood,Wikibox,bfilewood@wikibox.com,Cost Accountant,3XL,ZKX6N6W6Qrh
266,Mordecai,Dumphrey,Voonte,mdumphrey@voonte.com,Account Executive,S,pG6pzy
830,Sarine,Seefeldt,Skinder,sseefeldt@skinder.com,Business Systems Development Analyst,S,SHE3dm9lNo
236,Lem,De Filippo,Oyoyo,lde filippo@oyoyo.com,Chemical Engineer,XS,V80XRoTD
236,Jethro,Fetter,Brightbean,jfetter@brightbean.com,Media Manager II,L,2TB7zLF7l6
957,Kellby,Alldis,Buzzshare,kalldis@buzzshare.com,Structural Analysis Engineer,S,GSgfM14NtR
236,Doreen,Martine,Realblab,dmartine@realblab.com,Sales Associate,2XL,z6KiHQg
267,Pete,Blinde,Thoughtblab,pblinde@thoughtblab.com,Clinical Specialist,XS,GdWqVnkWdS6
451,Mickie,Balasini,Twitterbeat,mbalasini@twitterbeat.com,Staff Accountant I,L,BE868h5
803,Abbe,Heape,Blogpad,aheape@blogpad.com,Chemical Engineer,XS,bdvwdP
416,Kerianne,Coventon,Zoomzone,kcoventon@zoomzone.com,Senior Cost Accountant,XS,vnFB3E
721,Maritsa,Boatswain,Kayveo,mboatswain@kayveo.com,Nurse Practicioner,3XL,vdNdGQZZDu
285,Ariana,Douglass,Zooxo,adouglass@zooxo.com,Compensation Analyst,L,F36n4K
974,Mal,Stickins,Tagtune,mstickins@tagtune.com,Food Chemist,M,Vkmc2h4D
816,Jerald,Proske,Realmix,jproske@realmix.com,Financial Analyst,3XL,ImIJBs1bLV
244,Hasty,Lampl,Flashspan,hlampl@flashspan.com,Database Administrator III,3XL,V7tFPn6Ki
455,Malynda,Rixon,Jaxbean,mrixon@jaxbean.com,Occupational Therapist,XL,oRcMFHebOw
809,Edgar,Pledger,Meevee,epledger@meevee.com,Nurse Practicioner,3XL,K758AUrUy
510,Kellen,Itzkovich,Gabspot,kitzkovich@gabspot.com,Professor,2XL,xMxD4X1juncn
371,Rosella,Scott,Topicshots,rscott@topicshots.com,Quality Engineer,2XL,VN5J9syzciUT
521,Rabi,Petasch,Thoughtsphere,rpetasch@thoughtsphere.com,Associate Professor,2XL,hJQXiZr
802,Carlotta,Goodayle,Oyoloo,cgoodayle@oyoloo.com,Staff Accountant III,2XL,NdKYm8
216,Antonio,Pinckney,Rhyloo,apinckney@rhyloo.com,VP Product Management,3XL,XzuUs7TemZ
787,Harry,Donan,Shuffledrive,hdonan@shuffledrive.com,Graphic Designer,XS,xzPNwF5fN
609,Joshuah,Holligan,Agimba,jholligan@agimba.com,Biostatistician IV,L,uJcHgaxBtS
568,Emanuel,Baldacco,Jaxspan,ebaldacco@jaxspan.com,Senior Editor,3XL,DmF62uI0
816,Sidney,Aizikovitch,Camido,saizikovitch@camido.com,Community Outreach Specialist,3XL,0hIAU3Vesy
968,Lydon,Lardge,Thoughtsphere,llardge@thoughtsphere.com,Environmental Specialist,3XL,RXYzXyyB
878,Rosemonde,Biscomb,Voonder,rbiscomb@voonder.com,Librarian,2XL,nDfYT7ig
787,Alina,Kiehl,Linkbridge,akiehl@linkbridge.com,Budget/Accounting Analyst II,XS,I5JlLP1Nsub
215,Isis,Wainman,Lajo,iwainman@lajo.com,Compensation Analyst,L,LrjouiFqXSg2
732,Garnet,Tregidga,Jabbertype,gtregidga@jabbertype.com,Pharmacist,XL,XuxFouCz
609,Lowell,Raynor,Gigashots,lraynor@gigashots.com,Associate Professor,S,HOJWaR5
328,Berne,Van Leeuwen,Vidoo,bvan leeuwen@vidoo.com,Analyst Programmer,2XL,TZDiye
350,Gennie,Carnson,Trudeo,gcarnson@trudeo.com,Structural Engineer,XS,LF8BMmRdEuwr
157,Gerri,Longforth,Yakitri,glongforth@yakitri.com,Quality Control Specialist,3XL,hRbZXuLbA2v
931,Clim,Brunner,Abatz,cbrunner@abatz.com,Electrical Engineer,XS,iZaVoi4li
522,Venus,Dainton,Roomm,vdainton@roomm.com,Nurse Practicioner,XS,OUHOmfjDOw5
587,Christian,Leisk,Jabbersphere,cleisk@jabbersphere.com,Internal Auditor,M,Pdpmwjd2wL
639,Moreen,Cromly,Skyvu,mcromly@skyvu.com,Graphic Designer,XL,t2k3D16j
932,Goldi,Syce,Demimbu,gsyce@demimbu.com,Environmental Specialist,XS,BaEnvtZ
734,Alexandros,Tresvina,Photolist,atresvina@photolist.com,Senior Editor,3XL,spfFDx
277,Yevette,Kurtis,Devpulse,ykurtis@devpulse.com,Sales Representative,XL,eoC3BbBZL
320,Skipton,Genthner,Wikizz,sgenthner@wikizz.com,Data Coordiator,XL,Lbu9Kk4rUX3j
473,Aldric,Strathdee,Yombu,astrathdee@yombu.com,Marketing Assistant,M,m7ReK37o
930,Brock,Bodley,Flipopia,bbodley@flipopia.com,Recruiter,XL,KWt4H7Ukl4O
614,Phylis,Fordyce,Oozz,pfordyce@oozz.com,Research Assistant IV,S,B5Hphb1G
339,Carlo,Lowry,Twiyo,clowry@twiyo.com,Paralegal,3XL,Eah538
888,Trescha,McManamon,Avamba,tmcmanamon@avamba.com,Human Resources Assistant IV,S,gzgUZlAsxuV
355,Temp,Rogers,Tazz,trogers@tazz.com,Junior Executive,2XL,Uzedb7JafI
346,Arabele,Woloschinski,Eayo,awoloschinski@eayo.com,Business Systems Development Analyst,2XL,PouKr0f2vMc
177,Si,Jedraszek,Demizz,sjedraszek@demizz.com,Human Resources Assistant II,S,yW04was9DT
290,Vance,Elcomb,Photobean,velcomb@photobean.com,Nurse Practicioner,M,AQ8KIMPq
403,Mordy,Greenall,Jetwire,mgreenall@jetwire.com,Senior Editor,L,PeQmtu
639,Stefan,Caldwell,Zoozzy,scaldwell@zoozzy.com,Office Assistant I,S,xq92by
543,Adair,Sturdgess,Devify,asturdgess@devify.com,Software Consultant,3XL,gKfPNuWgZ3K
970,Ciel,Partkya,Quinu,cpartkya@quinu.com,Business Systems Development Analyst,L,RYDLmdzsUJ
125,Emmott,Copperwaite,Zooveo,ecopperwaite@zooveo.com,Business Systems Development Analyst,2XL,JQH4voez
784,Osmund,Powder,Edgeclub,opowder@edgeclub.com,Internal Auditor,2XL,vQileNGoMf
480,Rabbi,Repp,Yakitri,rrepp@yakitri.com,Senior Cost Accountant,XL,LgcR0hTGB
377,Sallie,Dougher,Izio,sdougher@izio.com,Staff Accountant III,2XL,3EkASQP
742,Evangelina,Corsan,Devify,ecorsan@devify.com,Developer I,XL,yt3b7y
972,Bernhard,Aymer,Snaptags,baymer@snaptags.com,Food Chemist,M,Ab7kfA
647,Zabrina,Skalls,Teklist,zskalls@teklist.com,Paralegal,L,r9TE9Oq
536,Randie,Mease,Vinte,rmease@vinte.com,Programmer III,2XL,u1abUVR
482,Darn,Antoniewicz,Quimm,dantoniewicz@quimm.com,Environmental Tech,3XL,u2v65G5Xa4N
941,Odille,Skocroft,Plajo,oskocroft@plajo.com,Legal Assistant,L,z9dYTt651
373,Wilbert,Mosby,Rooxo,wmosby@rooxo.com,Financial Advisor,XL,8JVScXI
595,Abelard,Worsley,Meemm,aworsley@meemm.com,Administrative Assistant IV,M,uCUUzhta
189,Christoffer,Chue,Reallinks,cchue@reallinks.com,Analyst Programmer,2XL,0SRbTj6u
171,Veda,Guinness,Quire,vguinness@quire.com,Sales Associate,XS,Fvhq0wYEo
238,Beret,Harrill,Bluejam,bharrill@bluejam.com,Environmental Specialist,2XL,kUu16i
448,Glennie,Mabson,Zoonoodle,gmabson@zoonoodle.com,Human Resources Assistant II,2XL,vpKqSs
757,Miles,Jallin,Eimbee,mjallin@eimbee.com,Business Systems Development Analyst,M,l8973nJ
326,Carrol,Buist,Gigaclub,cbuist@gigaclub.com,VP Accounting,M,6B6KdTE1Cs
545,Eugine,Clineck,Realmix,eclineck@realmix.com,Speech Pathologist,L,7tvWZGzCB
970,Perry,Alpe,Miboo,palpe@miboo.com,Speech Pathologist,XS,mXvOLLqc
573,Lynette,Pearman,Omba,lpearman@omba.com,Account Executive,3XL,pblB27NiMk
221,Ambros,Pinson,Devify,apinson@devify.com,Budget/Accounting Analyst III,XS,xRLqeyca
813,Carmita,Chinnock,Tambee,cchinnock@tambee.com,Nurse Practicioner,2XL,Vh7SUZcFTC
710,Ola,Killbey,Skipfire,okillbey@skipfire.com,Recruiting Manager,XS,dKIBvO8m
955,Jason,Melrose,Vimbo,jmelrose@vimbo.com,Product Engineer,S,y4EVe63Yfyx
464,Theo,Gaitskell,Edgewire,tgaitskell@edgewire.com,Chief Design Engineer,XL,Dzu94TM8cQ1
524,Darwin,Mechi,Demivee,dmechi@demivee.com,Project Manager,3XL,ZdGZBbm
831,Drucill,Baszkiewicz,Topiclounge,dbaszkiewicz@topiclounge.com,Safety Technician II,XS,zkh6UDW
857,Celestia,Stanyer,Twitterworks,cstanyer@twitterworks.com,Senior Sales Associate,2XL,fPiHCNc7zW
571,Naoma,Scown,Youfeed,nscown@youfeed.com,Tax Accountant,XL,oqfPad1OQ
336,Sofia,Clousley,Flashpoint,sclousley@flashpoint.com,Environmental Tech,XS,m3njW2UP
314,Blakeley,Georgiev,Vitz,bgeorgiev@vitz.com,Internal Auditor,S,o1rBA53N4dg6
861,Rutger,Hayth,Wordify,rhayth@wordify.com,Staff Accountant I,XS,sHiKA5B7SS7
356,Rosalie,O' Loughran,Skinder,ro' loughran@skinder.com,Marketing Assistant,XL,A4ZQve3mcRL
427,Jessie,Swadlin,Quimm,jswadlin@quimm.com,Engineer III,XS,w9S6x6gGep6
704,Vergil,Cotilard,Edgetag,vcotilard@edgetag.com,Paralegal,XL,JvmONeRaYZI
766,Olivia,Tittletross,Tambee,otittletross@tambee.com,VP Product Management,XL,PZRLRfj
754,Annmaria,Klimp,Demimbu,aklimp@demimbu.com,Research Nurse,XL,8zZqSxWMolTb
922,Jamison,Meiningen,Photobean,jmeiningen@photobean.com,Programmer I,XL,jys0Yx1SuBd
776,Marya,Jarnell,Skidoo,mjarnell@skidoo.com,Accountant IV,XL,PVGaEF1x
875,Tybi,Djuricic,Vimbo,tdjuricic@vimbo.com,Computer Systems Analyst II,XS,5nqIn7xtPv
579,Thane,Nairne,Yabox,tnairne@yabox.com,Business Systems Development Analyst,3XL,8POyH25Ow11
267,Tye,Sousa,Gigabox,tsousa@gigabox.com,Human Resources Manager,XL,7mPynRr
318,Herc,Antonias,Brightbean,hantonias@brightbean.com,Media Manager I,XS,T6VGlSzEab
927,Tedd,Birtle,Dablist,tbirtle@dablist.com,Developer IV,XL,nKqOGu
610,Abbi,Bardnam,Quamba,abardnam@quamba.com,Business Systems Development Analyst,XL,TVDmhEkxzhJ
689,Johnnie,Spencer,Roomm,jspencer@roomm.com,Media Manager I,M,VkKWNULPg
833,Cord,Swales,Jatri,cswales@jatri.com,Senior Sales Associate,XL,x2eT0Qts5
